pilot,evidence_id,pmid,title,ai_decision_provisional,design,evidence_class,instrument,main_findings,limitations,supported_claims,unsupported_claims,pending_items,human_reviewer,human_review_date,human_decision,human_justification,human_confirmation,claim_ready
PILOT_01_CORRECTED,EV-0668,36141388,"Development of an Evidence-Informed Solution to Emotional Distress in Public Safety Personnel and Healthcare Workers: The Social Support, Tracking Distress, Education, and Discussion CommunitY (STEADY) Program",INCLUDE_FULL_TEXT,narrative review / program development,NARRATIVE_REVIEW_EVIDENCE,SANRA,The paper describes program components and planned implementation; it explicitly does not report a STEADY evaluation.,Canadian program-development context; mixed PSP/healthcare target; no Brazilian implementation or outcome data.,The authors developed and described the five-component STEADY program and its proposed implementation basis.,"The article does not establish STEADY effectiveness, causal mental-health benefit, long-term outcomes or superiority to other programs.",Human confirmation; exact claim-level source audit; scientific synthesis remains prohibited,,,,,,NO
PILOT_01_CORRECTED,EV-0787,33933923,Implementation of a New Hampshire community-initiated response to the opioid crisis: A mixed-methods process evaluation of Safe Station,INCLUDE_FULL_TEXT,convergent parallel mixed-methods process evaluation,MIXED_METHODS_EVIDENCE,MMAT,"Implementation scores were descriptive; small samples precluded significance testing, and staff adoption/acceptability appeared lower than client and leadership ratings.","Single US city, self-selected small stakeholder samples, local fire/health partnerships and no inferential testing.","In this local evaluation, participating stakeholder groups identified specific facilitators and barriers to Safe Station implementation.","The study does not prove program effectiveness, mortality reduction, causal benefit, sustainability or transportability to Brazil.",Human confirmation; exact claim-level source audit; scientific synthesis remains prohibited,,,,,,NO
PILOT_01_CORRECTED,EV-0758,34622213,"The Readiness, Resilience and Recovery Tool: An Emerging Approach to Enhance Readiness Amidst Disruption",INCLUDE_FULL_TEXT,conceptual implementation tool with descriptive case illustrations,CONCEPTUAL_EVIDENCE,JBI Textual Evidence: Expert Opinion,Authors report preliminary user experience and explicitly state that structured qualitative and quantitative evaluation is still needed.,Heterogeneous US examples; no Brazilian public-safety application; authors characterize validity support as anecdotal.,"The article describes the RRR tool, its conceptual basis and five early applications.","It does not validate the tool, establish psychometric properties, prove effectiveness or demonstrate generalizability.",Human confirmation; exact claim-level source audit; scientific synthesis remains prohibited,,,,,,NO
PILOT_01_CORRECTED,EV-0753,34665820,Implementation and perceived effectiveness of gun violence restraining orders in California: A qualitative evaluation,INCLUDE_FULL_TEXT,qualitative grounded-theory/CFIR evaluation,QUALITATIVE_EVIDENCE,JBI Qualitative Research,Perceived effectiveness was favorable but informants and authors stated that outcome evidence remained incomplete.,California law and institutions differ from Brazil; participating counties had used GVROs and informants may have been more supportive.,"Interviewed California stakeholders identified barriers, facilitators and perceived outcomes of GVRO implementation.","The interviews do not establish that GVROs reduce violence or suicide, quantify causal effects, or resolve equity impacts.",Human confirmation; exact claim-level source audit; scientific synthesis remains prohibited,,,,,,NO
PILOT_01_CORRECTED,EV-0727,35076700,Perspectives About Emergency Department Care Encounters Among Adults With Opioid Use Disorder,INCLUDE_FULL_TEXT,multisite qualitative focus-group study,QUALITATIVE_EVIDENCE,JBI Qualitative Research,The study reports participant experiences and implementation needs; it did not test an intervention effect.,US ED and addiction-care context; selected English-speaking participants; no Brazilian public-safety workforce sample.,Participants in these focus groups reported stigma and identified opportunities to improve ED care and treatment linkage.,"The study does not quantify prevalence, prove intervention effectiveness, establish causality or represent all people with OUD.",Human confirmation; exact claim-level source audit; scientific synthesis remains prohibited,,,,,,NO
PILOT_01_CORRECTED,EV-0593,37297641,How Do We Keep our Heads above Water? An Embedded Mixed-Methods Study Exploring Implementation of a Workplace Reintegration Program for Nurses Affected by Operational Stress Injury,INCLUDE_FULL_TEXT,embedded mixed-methods implementation study,MIXED_METHODS_EVIDENCE,MMAT,"Among 19 respondents, 89% reported psychological distress, 63% sought mental health care and 42% required time away; findings are descriptive and self-reported.","Canadian nurses, all-women sample, one health system, small self-selected groups and no implemented intervention outcome.",This small sample identified perceived needs and contextual barriers for a nurse workplace-reintegration program.,"The study does not establish program effectiveness, population prevalence, causal benefit or direct applicability to police in Brazil.",Human confirmation; exact claim-level source audit; scientific synthesis remains prohibited,,,,,,NO
PILOT_01_CORRECTED,EV-0523,38115970,Implementation science in action: national organization of an ambitious first responder training program,HUMAN_REVIEW_REQUIRED,editorial commentary,COMMENTARY_EXPERT_OPINION,JBI Textual Evidence: Expert Opinion,"No original effectiveness, training-target attainment or lives-saved result is reported.","Opinion about a Pakistan initiative; no original data; different institutions, curriculum and health-system context.",The commentary describes the author's interpretation of another implementation report and its use of EPIS.,"It cannot establish training effectiveness, lives saved, fidelity, sustainability or national generalizability.",Human confirmation; exact claim-level source audit; scientific synthesis remains prohibited,,,,,,NO
PILOT_01_CORRECTED,EV-0503,38322801,Barriers and enablers to implementing police mental health co-responder programs: A qualitative study using the consolidated framework for implementation research,INCLUDE_FULL_TEXT,qualitative service evaluation using post hoc CFIR analysis,QUALITATIVE_EVIDENCE,JBI Qualitative Research,"Participants perceived the program favorably; no cost-benefit, consumer outcome or causal effectiveness evaluation was conducted.","Queensland legal/data-sharing context, post hoc evaluation and uncertain police participation denominator differ from Brazil.",Participating Queensland police and mental-health staff identified contextual barriers and enablers to this co-responder model.,"The study does not prove clinical effectiveness, cost-effectiveness, reduced detention or transport, or success in other jurisdictions.",Human confirmation; exact claim-level source audit; scientific synthesis remains prohibited,,,,,,NO
PILOT_01_CORRECTED,EV-0447,39028235,Harm Reduction in the Field: First Responders’ Perceptions of Opioid Overdose Interventions,INCLUDE_FULL_TEXT,community-engaged qualitative interview study,QUALITATIVE_EVIDENCE,JBI Qualitative Research,The study identifies perceived facilitators and barriers; it does not evaluate patient health impact.,"Single US county, convenience/snowball sample, limited racial/ethnic diversity and opioid-policy context unlike Brazil.",Interviewed first responders and leaders identified local implementation barriers and facilitators for three overdose interventions.,"The study does not demonstrate intervention efficacy, safety, cost-effectiveness, adoption rates or patient outcomes.",Human confirmation; exact claim-level source audit; scientific synthesis remains prohibited,,,,,,NO
PILOT_01_CORRECTED,EV-0425,39205432,"“You might be nice, but where you take me, they’re not gonna be”: Preferences for field-based post-overdose interventions",INCLUDE_FULL_TEXT,community-engaged qualitative interview study,QUALITATIVE_EVIDENCE,JBI Qualitative Research,"Findings describe preferences and experiences, not clinical or implementation effectiveness.",Small convenience sample from service-connected Seattle locations; highly regional overdose and policing context.,These 13 participants described preferences and concerns about post-overdose interventions in their local EMS context.,"The study does not establish population-wide acceptability, intervention effectiveness, safety, treatment uptake or causal outcomes.",Human confirmation; exact claim-level source audit; scientific synthesis remains prohibited; VOR comparison,,,,,,NO
PILOT_02,EV-0367,39808097,Emergency Nurses’ Perspectives on Adopting Geriatric Screenings for Cognitive Impairment: A Qualitative Study,RETAIN_FOR_HUMAN_CONFIRMATION,qualitative case study using semi-structured interviews and CFIR-guided deductive-inductive analysis,QUALITATIVE_EVIDENCE,JBI Qualitative Research,"Eleven nurses rated delirium screening feasibility at a mean 3.9/5 and dementia screening at 3.45/5; these are perceptions, not implementation or patient outcomes.","Single under-resourced US safety-net hospital, daytime recruitment and no Brazilian or public-safety workforce implementation.","In this single-site sample, interviewed nurses identified concrete barriers and facilitators to introducing delirium and dementia screening.","The study does not establish screening effectiveness, diagnostic accuracy, patient-safety benefit, adoption rates or generalizability to other emergency departments.",Human confirmation; exact claim-level source audit; scientific synthesis remains prohibited,,,,,,NO
PILOT_02,EV-0176,41492854,"“Convenience, Quickness, and Compassion”: Experiences of People Involved in the Criminal‐Legal System Accessing Medications for Opioid Use Disorder Services From a Mobile Unit in Chicago",RETAIN_FOR_HUMAN_CONFIRMATION,qualitative descriptive study using semi-structured interviews and inductive thematic analysis,QUALITATIVE_EVIDENCE,JBI Qualitative Research,Thirteen interviews produced five themes and eight subthemes; findings describe service experiences and perceived access conditions.,Small service-engaged sample from a few Chicago neighborhoods and a specific US treatment and criminal-legal context.,These 13 participants reported that mobile MOUD access was supported by convenience and compassionate care and constrained by structural barriers.,"The study does not estimate treatment effectiveness, retention, overdose reduction, causal benefit or experiences of people unable to access the service.",Human confirmation; exact claim-level source audit; scientific synthesis remains prohibited,,,,,,NO
PILOT_02,EV-0171,41520119,Implementing a peer navigation program for individuals with serious mental illness in the criminal legal system: insights and lessons learned,RETAIN_FOR_HUMAN_CONFIRMATION,"mixed-methods implementation process evaluation integrating qualitative interviews, descriptive WAI ratings and document review",MIXED_METHODS_EVIDENCE,MMAT,Three navigators supplied 12 WAI ratings with high descriptive alliance scores; opinions about effectiveness were mixed and no client-effect estimate was tested.,"Four Black male navigators in one locality, three survey respondents, unstable post-release follow-up and no powered outcome comparison.","Within this small pilot, participating peer navigators identified implementation strengths, barriers and refinements for MAPS.","The study does not establish service-linkage effectiveness, cost-effectiveness, reduced reincarceration or client outcomes.",Human confirmation; exact claim-level source audit; scientific synthesis remains prohibited,,,,,,NO
PILOT_02,EV-0160,41626406,Building Community Capacity for Harm Reduction: An Adaptive Implementation Science Approach in Rural Appalachian Ohio,RETAIN_FOR_HUMAN_CONFIRMATION,"adaptive mixed-methods implementation project with formative interviews, respondent-driven survey, network analysis and process evaluation",MIXED_METHODS_EVIDENCE,MMAT,The article reports implementation activities and sustainment examples; planned repeated survey and population-outcome analyses were not completed after COVID-19 disruption.,"Grant-supported US rural harm-reduction context, local legal climate, incomplete outcome evaluation and COVID-era adaptation differ from Brazil.",The project demonstrates how these three counties co-developed and delivered adaptive capacity-building activities and documents their process outputs.,"It does not establish reductions in overdose or infection, causal community benefit, effectiveness of individual activities or sustainability across settings.",Human confirmation; exact claim-level source audit; scientific synthesis remains prohibited,,,,,,NO
PILOT_02,EV-0157,41673910,Drug checking services: barriers and facilitators to implementation by U.S. syringe services programs,RETAIN_FOR_HUMAN_CONFIRMATION,"qualitative implementation study using semi-structured interviews, reflexive thematic analysis and secondary CFIR coding",QUALITATIVE_EVIDENCE,JBI Qualitative Research,Eight of 23 represented programs had implemented advanced services; this descriptive count accompanies qualitative themes and is not an effectiveness estimate.,"Purposive US program sample, program representatives rather than service users, and US legal and funding structures.",Interviewed program representatives identified multilevel barriers and partnership-based facilitators for advanced drug-checking implementation.,"The study does not show that drug checking reduces overdose, quantify adoption nationally or establish partnership effectiveness.",Human confirmation; exact claim-level source audit; scientific synthesis remains prohibited,,,,,,NO
PILOT_02,EV-0091,42196761,Building a Resilience Ecosystem to Improve Employee Mental Health and Wellbeing in Canadian High-Stress Low-Control Occupations,RETAIN_FOR_HUMAN_CONFIRMATION,uncontrolled longitudinal multiple-cohort implementation case series with repeated cross-sectional pre-post surveys and exploratory organizational correlations,QUANTITATIVE_EVIDENCE,JBI Quasi-Experimental Studies,"Aggregate scores improved for anxiety, alcohol use and team psychological safety, while individual resilience deteriorated; small-N correlations with benefit costs were exploratory and sometimes unexpected.","No control group, different repeated samples, attrition, COVID timing, organization-level N of four or five and Canadian context.","In these five organizations, selected survey measures changed over time and exploratory organization-level associations with benefit costs were observed.","The study does not establish that the Standard or training caused the changes, reduced costs, prevented illness or will reproduce in other organizations.",Human confirmation; exact claim-level source audit; scientific synthesis remains prohibited,,,,,,NO
PILOT_02,EV-1328,19947877,Trauma Care Training for National Police Nurses in Colombia,RETAIN_FOR_HUMAN_CONFIRMATION,single-group pre-post quasi-experimental course evaluation,QUANTITATIVE_EVIDENCE,JBI Quasi-Experimental Studies,Mean written scores rose from 59.8% to 98.9% (p<0.01); all 374 participants were rated as demonstrating complete knowledge after practical training.,"Colombian police combat-nurse setting, non-standardized instruments, instructor assessment and no control or long-term follow-up.","Among these 374 trainees, written scores and instructor-rated simulation skills were higher after the MEDTAC course.","The uncontrolled evaluation does not establish clinical performance, casualty outcomes, long-term retention or superiority to another course.",Human confirmation; exact claim-level source audit; scientific synthesis remains prohibited; VOR comparison,,,,,,NO
PILOT_02,EV-0896,32191195,How to Stop the Bleed: First Care Provider Model for Developing Public Trauma Response Beyond Basic Hemorrhage Control,RETAIN_FOR_HUMAN_CONFIRMATION,nonrandomized comparative simulation study of trained versus untrained volunteers,QUANTITATIVE_EVIDENCE,JBI Quasi-Experimental Studies,"Time to solution was shorter for trained groups for bleeding (3:33 versus the 8-minute cutoff, p=0.0014) and airway obstruction (32.6 seconds versus 7:03, p=0.0087); time-to-first-action differences were not significant.","Small volunteer sample, nonrandom group assignment, simulated setting, potential group differences and donated equipment.","In this simulation, trained volunteer groups completed the two specified interventions faster than untrained groups.","The study does not prove real-event mortality benefit, durable skill retention, population effectiveness or equivalence to professional EMS.",Human confirmation; exact claim-level source audit; scientific synthesis remains prohibited,,,,,,NO
PILOT_02,EV-0791,33909512,Assessment of Fall-Related Emergency Medical Service Calls and Transports After a Community-Level Fall-Prevention Initiative,RETAIN_FOR_HUMAN_CONFIRMATION,quality-improvement initiative with uncontrolled retrospective interrupted time-series/pre-post comparison,QUANTITATIVE_EVIDENCE,JBI Quasi-Experimental Studies,"Fall-related calls decreased from 135 to 46 (reported relative risk reduction 0.66, 95% CI 0.53-0.76); transports decreased from 96 to 36 (0.63, 95% CI 0.46-0.75).","Single supportive small city, established grant-funded program, changing documentation and no concurrent control for secular or seasonal trends.",Fall-related EMS calls and transports were lower in the sustainment period than in the baseline period in this community.,The uncontrolled comparison does not establish that Community-FIT caused the reductions or that the effect will generalize to other communities.,Human confirmation; exact claim-level source audit; scientific synthesis remains prohibited; VOR comparison,,,,,,NO
PILOT_02,EV-0723,35120531,The Bronze Age of drug checking: barriers and facilitators to implementing advanced drug checking amidst police violence and COVID-19,RETAIN_FOR_HUMAN_CONFIRMATION,"longitudinal qualitative implementation case study with field observations, interviews and descriptive process measures",QUALITATIVE_EVIDENCE,JBI Qualitative Research,Requests fell from an average 42 per month before a police operation to 23 in August 2019 and later stopped during COVID restrictions; these descriptive changes do not isolate causal effects.,"One independently operated urban US program, 12 interviewees, distinct drug laws and law-enforcement environment.","This case documents how organizational, technical, legal, policing and pandemic conditions shaped implementation at one program.","It does not establish drug-checking effectiveness, overdose prevention, causal effects of policing or generalizability beyond the site.",Human confirmation; exact claim-level source audit; scientific synthesis remains prohibited,,,,,,NO
