evidence_id,pmid,zotero_key,field,previous_value,current_primary_value,resolution_status,resolution_reason,primary_source_url,verification_date,canonical_master_changed
EV-0027,42560220,L3NEIF3E,authors,"Talbot, Laura A | Webb, Lee | Ramirez, Vanessa J | Taylor-Clark, Tanekkia M | Morrell, Christopher H | Enochs, Kayla | Fagan, Mathias | Hillner, Jesse Sr | Scallan, Ross M | Metter, E Jeffrey","Talbot, Laura A | Webb, Lee | Ramirez, Vanessa J | Taylor-Clark, Tanekkia M | Morrell, Christopher H | Enochs, Kayla | Fagan, Mathias | Hillner, Jesse | Scallan, Ross M | Metter, E Jeffrey",RESOLVED_CURRENT_PUBMED_AUTHORSHIP,"Preservar valor anterior e usar a autoria PubMed atual no fluxo derivado, incluindo autoria coletiva/diacríticos.",https://pubmed.ncbi.nlm.nih.gov/42560220/,2026-09-16,NO
EV-0028,42560215,FVTTTZ4M,authors,"Lebeau, Jennelle CPT | Edgeworth, Daniel B | Crellin, Holly MAJ | White-Phillip, Jessica A","Lebeau, Jennelle | Edgeworth, Daniel B | Crellin, Holly | White-Phillip, Jessica A",RESOLVED_CURRENT_PUBMED_AUTHORSHIP,"Preservar valor anterior e usar a autoria PubMed atual no fluxo derivado, incluindo autoria coletiva/diacríticos.",https://pubmed.ncbi.nlm.nih.gov/42560215/,2026-09-16,NO
EV-0045,42514456,JM5N5233,authors,"Anyzewska, Anna | Lakomy, Roman | Lepionka, Tomasz | Tomczak, Andrzej | Bertrandt, Jerzy","Anyżewska, Anna | Łakomy, Roman | Lepionka, Tomasz | Tomczak, Andrzej | Bertrandt, Jerzy",RESOLVED_CURRENT_PUBMED_AUTHORSHIP,"Preservar valor anterior e usar a autoria PubMed atual no fluxo derivado, incluindo autoria coletiva/diacríticos.",https://pubmed.ncbi.nlm.nih.gov/42514456/,2026-09-16,NO
EV-0053,42472470,BLTKDMAV,authors,"Beisheim-Ryan, Emma H | Hendershot, Brad D | Patterson, Charity G | Kakyomya, Joseph | Maikos, Jason | Highsmith, M Jason | Gorczynski, Sara R | Dearth, Christopher L | Farrokhi, Shawn","Beisheim-Ryan, Emma H | Hendershot, Brad D | Patterson, Charity G | Kakyomya, Joseph | Maikos, Jason | Highsmith, M Jason | Gorczynski, Sara R | RESOLVE Trial Team | Dearth, Christopher L | Farrokhi, Shawn",RESOLVED_CURRENT_PUBMED_AUTHORSHIP,"Preservar valor anterior e usar a autoria PubMed atual no fluxo derivado, incluindo autoria coletiva/diacríticos.",https://pubmed.ncbi.nlm.nih.gov/42472470/,2026-09-16,NO
EV-0058,42422937,5UVNWDIT,authors,"Cornwell, William K 3rd | Dineen, Elizabeth H | Petek, Bradley J | Shafer, Keri M | Davenport, Eddie | Chung, Eugene H | Kim, Jonathan H | Levine, Benjamin D","Cornwell, William K | Dineen, Elizabeth H | Petek, Bradley J | Shafer, Keri M | Davenport, Eddie | Chung, Eugene H | Kim, Jonathan H | Levine, Benjamin D",RESOLVED_CURRENT_PUBMED_AUTHORSHIP,"Preservar valor anterior e usar a autoria PubMed atual no fluxo derivado, incluindo autoria coletiva/diacríticos.",https://pubmed.ncbi.nlm.nih.gov/42422937/,2026-09-16,NO
EV-0098,42124344,UEU5ERLK,authors,"Hebert, Avery | Sanan, Akshat | Arcieri, Talia | Reyes, Ana | Boomsma, Shawn LTC | Summers, Shane COL | Pearson, Nadia COL | Nelson, Vincente LTC | Buzzelli, Mark D COL | Schulman, Carl I | Namias, Nicholas | Proctor, Kenneth G | Wetstein, Paul J LTC","Hebert, Avery | Sanan, Akshat | Arcieri, Talia | Reyes, Ana | Boomsma, Shawn | Summers, Shane | Pearson, Nadia | Nelson, Vincente | Buzzelli, Mark D | Schulman, Carl I | Namias, Nicholas | Proctor, Kenneth G | Wetstein, Paul J",RESOLVED_CURRENT_PUBMED_AUTHORSHIP,"Preservar valor anterior e usar a autoria PubMed atual no fluxo derivado, incluindo autoria coletiva/diacríticos.",https://pubmed.ncbi.nlm.nih.gov/42124344/,2026-09-16,NO
EV-0107,42075499,XVT79TD2,authors,"Zachaj, Jakub | Moorthi, Katarzyna | Kreglicki, Lukasz | Bielka, Kateryna | Formina, Hanna | Kryveshko, Liliia | Galazkowski, Robert | Podgorski, Marcin | Rzonca, Patryk","Zachaj, Jakub | Moorthi, Katarzyna | Kręglicki, Łukasz | Bielka, Kateryna | Formina, Hanna | Kryveshko, Liliia | Gałązkowski, Robert | Podgórski, Marcin | Rzońca, Patryk",RESOLVED_CURRENT_PUBMED_AUTHORSHIP,"Preservar valor anterior e usar a autoria PubMed atual no fluxo derivado, incluindo autoria coletiva/diacríticos.",https://pubmed.ncbi.nlm.nih.gov/42075499/,2026-09-16,NO
EV-0112,42040064,C8YXV9YD,authors,"Baron, Andrea | Over-Muller, Laura | Brandt, Swantje | Franzen, Ole | Messer, Ingo | Mortensen, Kai | Franzen, Peer | Munstedt, Peter | Elsner, Bernhard | von der Forst, Maik | Ries, Markus | Dromann, Daniel | Ristau, Patrick | Franzen, Klaas F","Baron, Andrea | Over-Müller, Laura | Brandt, Swantje | Franzen, Ole | Meßer, Ingo | Mortensen, Kai | Franzen, Peer | Münstedt, Peter | Elsner, Bernhard | von der Forst, Maik | Ries, Markus | Drömann, Daniel | Ristau, Patrick | Franzen, Klaas F",RESOLVED_CURRENT_PUBMED_AUTHORSHIP,"Preservar valor anterior e usar a autoria PubMed atual no fluxo derivado, incluindo autoria coletiva/diacríticos.",https://pubmed.ncbi.nlm.nih.gov/42040064/,2026-09-16,NO
EV-0116,41997270,GFMM7RIR,authors,"Agbajelola, Victor I | Roachell, Walter D | Lane, Gillian S | Solis, Mauricio E | Bast, Joshua D | Ramutkowski, Anthony J Jr | Raghavan, Ram K","Agbajelola, Victor I | Roachell, Walter D | Lane, Gillian S | Solis, Mauricio E | Bast, Joshua D | Ramutkowski, Anthony J | Raghavan, Ram K",RESOLVED_CURRENT_PUBMED_AUTHORSHIP,"Preservar valor anterior e usar a autoria PubMed atual no fluxo derivado, incluindo autoria coletiva/diacríticos.",https://pubmed.ncbi.nlm.nih.gov/41997270/,2026-09-16,NO
EV-0137,41863396,KX3L9Y73,authors,"Talbot, Laura A | Wu, Lin | Ramirez, Vanessa J | Taylor-Clark, Tanekkia M | Fagan, Mathias | Zuber, Pilar | Bradley, David F Jr | Scallan, Ross | Morrell, Christopher H | Enochs, Kayla | Rountree, Josh | Cole, Catherine | Hillner, Jesse Sr | Knizel, Jessica | Mahoney, Jeramy | Metter, Earl Jeffrey","Talbot, Laura A | Wu, Lin | Ramirez, Vanessa J | Taylor-Clark, Tanekkia M | Fagan, Mathias | Zuber, Pilar | Bradley, David F | Scallan, Ross | Morrell, Christopher H | Enochs, Kayla | Rountree, Josh | Cole, Catherine | Hillner, Jesse | Knizel, Jessica | Mahoney, Jeramy | Metter, Earl Jeffrey",RESOLVED_CURRENT_PUBMED_AUTHORSHIP,"Preservar valor anterior e usar a autoria PubMed atual no fluxo derivado, incluindo autoria coletiva/diacríticos.",https://pubmed.ncbi.nlm.nih.gov/41863396/,2026-09-16,NO
EV-0139,41845870,WHJECGT4,authors,"Nakase-Richardson, Risa | Haun, Jolie N | Moore, Megan | Bogner, Jennifer | Hoffman, Jeanne M | Dams-O'Connor, Kristen | Coulter, Jill | Kretzmer, Tracy | Martin, Aaron M | Silva, Marc A","Nakase-Richardson, Risa | Haun, Jolie N | Moore, Megan | Bogner, Jennifer | Hoffman, Jeanne M | Dams-O'Connor, Kristen | Coulter, Jill | Kretzmer, Tracy | Martin, Aaron M | Silva, Marc A | I-HEAL Consortium",RESOLVED_CURRENT_PUBMED_AUTHORSHIP,"Preservar valor anterior e usar a autoria PubMed atual no fluxo derivado, incluindo autoria coletiva/diacríticos.",https://pubmed.ncbi.nlm.nih.gov/41845870/,2026-09-16,NO
EV-0145,41790570,9ZK35F4P,authors,"Austin, Stubbs MAJ | Kevin, Brunstein MAJ","Austin, Stubbs | Kevin, Brunstein",RESOLVED_CURRENT_PUBMED_AUTHORSHIP,"Preservar valor anterior e usar a autoria PubMed atual no fluxo derivado, incluindo autoria coletiva/diacríticos.",https://pubmed.ncbi.nlm.nih.gov/41790570/,2026-09-16,NO
EV-0151,41714953,U86J7838,authors,"Gunsoy, Ertug | Selman, Fatma | Aykut, Ahmet | Yildirim, Cem | Tatli, Mehmet","Günsoy, Ertuğ | Selman, Fatma | Aykut, Ahmet | Yıldırım, Cem | Tatlı, Mehmet",RESOLVED_CURRENT_PUBMED_AUTHORSHIP,"Preservar valor anterior e usar a autoria PubMed atual no fluxo derivado, incluindo autoria coletiva/diacríticos.",https://pubmed.ncbi.nlm.nih.gov/41714953/,2026-09-16,NO
EV-0153,41703548,AQA86FUR,authors,"Melenko, Vasyl | Kravchuk, Lyudmila | Nozdrenko, Dmytro | Maznychenko, Andriy | Abramovych, Tetiana | Sokolowska, Inna | Fishchenko, Iaksmall i, Ukrainianv","Melenko, Vasyl | Kravchuk, Lyudmila | Nozdrenko, Dmytro | Maznychenko, Andriy | Abramovych, Tetiana | Sokolowska, Inna | Fishchenko, Iakіv",RESOLVED_CURRENT_PUBMED_AUTHORSHIP,"Preservar valor anterior e usar a autoria PubMed atual no fluxo derivado, incluindo autoria coletiva/diacríticos.",https://pubmed.ncbi.nlm.nih.gov/41703548/,2026-09-16,NO
EV-0158,41651286,4RDHET2J,authors,"Wickwire, Emerson M | Capaldi, Vincent F 2nd | So, Jennifer Y | Kim, Eungjae | Thomas, Connie | Johnston, Christine W | Maggio, Sarah | Elmore, Joshua S | Albrecht, Jennifer S | Verceles, Avelino C | Chen, Shuo","Wickwire, Emerson M | Capaldi, Vincent F | So, Jennifer Y | Kim, Eungjae | Thomas, Connie | Johnston, Christine W | Maggio, Sarah | Elmore, Joshua S | Albrecht, Jennifer S | Verceles, Avelino C | Chen, Shuo",RESOLVED_CURRENT_PUBMED_AUTHORSHIP,"Preservar valor anterior e usar a autoria PubMed atual no fluxo derivado, incluindo autoria coletiva/diacríticos.",https://pubmed.ncbi.nlm.nih.gov/41651286/,2026-09-16,NO
EV-0183,41424497,8FSCV72Y,authors,"Wickwire, Emerson M | Collen, Jacob | Capaldi, Vincent F 2nd | Assefa, Samson Z | Jones, Rachell | Williams, Scott G | Thomas, Connie L | Williams, Daniel C | Albrecht, Jennifer S","Wickwire, Emerson M | Collen, Jacob | Capaldi, Vincent F | Assefa, Samson Z | Jones, Rachell | Williams, Scott G | Thomas, Connie L | Williams, Daniel C | Albrecht, Jennifer S",RESOLVED_CURRENT_PUBMED_AUTHORSHIP,"Preservar valor anterior e usar a autoria PubMed atual no fluxo derivado, incluindo autoria coletiva/diacríticos.",https://pubmed.ncbi.nlm.nih.gov/41424497/,2026-09-16,NO
EV-0198,41346760,HCGKKRE9,authors,"Kjaergaard, Anders | Karstoft, Karen-Inge | Schmidt, Bjarke Waehrens | Kirk, Jeanette Wassar","Kjærgaard, Anders | Karstoft, Karen-Inge | Schmidt, Bjarke Wæhrens | Kirk, Jeanette Wassar",RESOLVED_CURRENT_PUBMED_AUTHORSHIP,"Preservar valor anterior e usar a autoria PubMed atual no fluxo derivado, incluindo autoria coletiva/diacríticos.",https://pubmed.ncbi.nlm.nih.gov/41346760/,2026-09-16,NO
EV-0219,41209751,MM6MQUIQ,authors,"Sroczynski, Przemyslaw | Jedras, Krzysztof | Dobkowski, Grzegorz | Gazdzinska, Agata | Tomaszewski, Dariusz | Drozdowski, Robert | Janik, Michal","Sroczyński, Przemysław | Jędras, Krzysztof | Dobkowski, Grzegorz | Gaździńska, Agata | Tomaszewski, Dariusz | Drozdowski, Robert | Janik, Michał",RESOLVED_CURRENT_PUBMED_AUTHORSHIP,"Preservar valor anterior e usar a autoria PubMed atual no fluxo derivado, incluindo autoria coletiva/diacríticos.",https://pubmed.ncbi.nlm.nih.gov/41209751/,2026-09-16,NO
EV-0222,41202565,JBFM7IE8,authors,"Rosen, Craig S | Peterson, Alan L | Riggs, David S | Haddock, Christopher K | Fong, Chunki | Young-McCaughan, Stacey | Cook, Jeffrey | Comtois, Katherine Anne | Borah, Elisa V | Davis, C Adrian | Dondanville, Katherine A | Finley, Erin P | Jahnke, Sara A | Mistretta, Melissa | Neitzer, Andrea | Wiltsey-Stirman, Shannon | Frick, Erin R | Hayes, Olivia | Clayton, Spencer | Conforte, Allison M | Flores, Araceli | Jinkerson, Jeremy | Jones, Zachary K | Kim, Hana J | Letendre, Margaret | Link, Jared S | Nofziger, Debra | Ringdahl, Erik N | Waggoner, John W | Woodworth, Craig | Ho, Emily | McLean, Carmen P","Rosen, Craig S | Peterson, Alan L | Riggs, David S | Haddock, Christopher K | Fong, Chunki | Young-McCaughan, Stacey | Cook, Jeffrey | Comtois, Katherine Anne | Borah, Elisa V | Davis, C Adrian | Dondanville, Katherine A | Finley, Erin P | Jahnke, Sara A | Mistretta, Melissa | Neitzer, Andrea | Wiltsey-Stirman, Shannon | Frick, Erin R | Hayes, Olivia | Clayton, Spencer | Conforte, Allison M | Flores, Araceli | Jinkerson, Jeremy | Jones, Zachary K | Kim, Hana J | Letendre, Margaret | Link, Jared S | Nofziger, Debra | Ringdahl, Erik N | Waggoner, John W | Woodworth, Craig | Ho, Emily | McLean, Carmen P | TACTICS Research Group",RESOLVED_CURRENT_PUBMED_AUTHORSHIP,"Preservar valor anterior e usar a autoria PubMed atual no fluxo derivado, incluindo autoria coletiva/diacríticos.",https://pubmed.ncbi.nlm.nih.gov/41202565/,2026-09-16,NO
EV-0270,40813778,T7DFMXDB,authors,"Bilal, Muhammad | Alam, Mahmood | Bapu, Deepashree | Korsgen, Stephan | Lal, Neeraj | Bach, Simon | Hajiyavand, Amir M | Ali, Muhammed | Soomro, Kamran | Qasim, Iqbal | Capik, Pawel | Khan, Aslam | Khan, Zaheer | Vohra, Hunaid | Caputo, Massimo | Beggs, Andrew D | Qayyum, Adnan | Qadir, Junaid | Ashraf, Shazad Q","Bilal, Muhammad | Alam, Mahmood | Bapu, Deepashree | Korsgen, Stephan | Lal, Neeraj | Bach, Simon | Hajiyavand, Amir M | Ali, Muhammed | Soomro, Kamran | Qasim, Iqbal | Capik, Paweł | Khan, Aslam | Khan, Zaheer | Vohra, Hunaid | Caputo, Massimo | Beggs, Andrew D | Qayyum, Adnan | Qadir, Junaid | Ashraf, Shazad Q",RESOLVED_CURRENT_PUBMED_AUTHORSHIP,"Preservar valor anterior e usar a autoria PubMed atual no fluxo derivado, incluindo autoria coletiva/diacríticos.",https://pubmed.ncbi.nlm.nih.gov/40813778/,2026-09-16,NO
EV-0332,40198226,H57A2N2W,year,2025,2026,RESOLVED_DUAL_DATE,Preservar ano-fonte/eletrônico e ano da edição atual; usar o ano da edição PubMed atual no fluxo derivado.,https://pubmed.ncbi.nlm.nih.gov/40198226/,2026-09-16,NO
EV-0337,40142938,D4TRYDC7,authors,"Zawadzka, Magdalena | Marszalkowska-Jakubik, Justyna | Ejchman-Pac, Ewelina | Pajak-Tarnacka, Beata | Szymanski, Pawel","Zawadzka, Magdalena | Marszałkowska-Jakubik, Justyna | Ejchman-Pac, Ewelina | Pająk-Tarnacka, Beata | Szymański, Paweł",RESOLVED_CURRENT_PUBMED_AUTHORSHIP,"Preservar valor anterior e usar a autoria PubMed atual no fluxo derivado, incluindo autoria coletiva/diacríticos.",https://pubmed.ncbi.nlm.nih.gov/40142938/,2026-09-16,NO
EV-0351,39985005,LWP5ZVK9,authors,"Nakonieczna, Aleksandra | Kwiatek, Magdalena | Abramowicz, Karolina | Zawadzka, Magdalena | Bany, Izabela | Glowacka, Patrycja | Skuza, Katarzyna | Lepionka, Tomasz | Szymanski, Pawel","Nakonieczna, Aleksandra | Kwiatek, Magdalena | Abramowicz, Karolina | Zawadzka, Magdalena | Bany, Izabela | Głowacka, Patrycja | Skuza, Katarzyna | Lepionka, Tomasz | Szymański, Paweł",RESOLVED_CURRENT_PUBMED_AUTHORSHIP,"Preservar valor anterior e usar a autoria PubMed atual no fluxo derivado, incluindo autoria coletiva/diacríticos.",https://pubmed.ncbi.nlm.nih.gov/39985005/,2026-09-16,NO
EV-0354,39942299,IL2AD7PM,authors,"Dabrowska, Anna | Kobus, Monika | Starzak, Lukasz | Pekoslawski, Bartosz | Latas, Paulina","Dąbrowska, Anna | Kobus, Monika | Starzak, Łukasz | Pękosławski, Bartosz | Łataś, Paulina",RESOLVED_CURRENT_PUBMED_AUTHORSHIP,"Preservar valor anterior e usar a autoria PubMed atual no fluxo derivado, incluindo autoria coletiva/diacríticos.",https://pubmed.ncbi.nlm.nih.gov/39942299/,2026-09-16,NO
EV-0389,39537367,YVQ4KLQA,authors,"Pierce, Joseph R Jr | Cohen, B S | Hauret, K G | Sharp, M A | Redmond, J E | Foulis, S A | Jones, B H","Pierce, Joseph R | Cohen, B S | Hauret, K G | Sharp, M A | Redmond, J E | Foulis, S A | Jones, B H",RESOLVED_CURRENT_PUBMED_AUTHORSHIP,"Preservar valor anterior e usar a autoria PubMed atual no fluxo derivado, incluindo autoria coletiva/diacríticos.",https://pubmed.ncbi.nlm.nih.gov/39537367/,2026-09-16,NO
EV-0401,39449488,7MNCKJV2,authors,"Kukic, Filip | Zlojutro, Nemanja | Paspalj, Darko | Bajic, Senka | Kovacevic, Sasa | Vulin, Lazar | Radevic, Nenad | Koropanovski, Nenad","Kukić, Filip | Zlojutro, Nemanja | Paspalj, Darko | Bajić, Senka | Kovačević, Saša | Vulin, Lazar | Rađević, Nenad | Koropanovski, Nenad",RESOLVED_CURRENT_PUBMED_AUTHORSHIP,"Preservar valor anterior e usar a autoria PubMed atual no fluxo derivado, incluindo autoria coletiva/diacríticos.",https://pubmed.ncbi.nlm.nih.gov/39449488/,2026-09-16,NO
EV-0405,39425094,N3LQZTNN,authors,"Russell, Cayley | Ali, Farihah | Imtiaz, Sameer | Butler, Amanda | Greer, Alissa | Rehm, Jurgen","Russell, Cayley | Ali, Farihah | Imtiaz, Sameer | Butler, Amanda | Greer, Alissa | Rehm, Jürgen | Decriminalization Evaluation Research Group",RESOLVED_CURRENT_PUBMED_AUTHORSHIP,"Preservar valor anterior e usar a autoria PubMed atual no fluxo derivado, incluindo autoria coletiva/diacríticos.",https://pubmed.ncbi.nlm.nih.gov/39425094/,2026-09-16,NO
EV-0439,39119394,AGAPQVEJ,authors,"Dabrowska, Anna | Malik, Wiktoria | Czachor, Dorota | Jarych, Weronika | Wscislak, Anna | Swiader, Zuzanna | Komisarczyk, Lucja | Palczynski, Piotr","Dąbrowska, Anna | Malik, Wiktoria | Czachor, Dorota | Jarych, Weronika | Wściślak, Anna | Świąder, Zuzanna | Komisarczyk, Łucja | Pałczyński, Piotr",RESOLVED_CURRENT_PUBMED_AUTHORSHIP,"Preservar valor anterior e usar a autoria PubMed atual no fluxo derivado, incluindo autoria coletiva/diacríticos.",https://pubmed.ncbi.nlm.nih.gov/39119394/,2026-09-16,NO
EV-0451,38997903,TRQBX9K8,authors,"Lorei, Nathan C | Ashley, Robert L | Moberg, Lynnsee W | Butler, Cody R | Seib, Michael B 2nd | Hintz Merseal, Courtney N","Lorei, Nathan C | Ashley, Robert L | Moberg, Lynnsee W | Butler, Cody R | Seib, Michael B | Hintz Merseal, Courtney N",RESOLVED_CURRENT_PUBMED_AUTHORSHIP,"Preservar valor anterior e usar a autoria PubMed atual no fluxo derivado, incluindo autoria coletiva/diacríticos.",https://pubmed.ncbi.nlm.nih.gov/38997903/,2026-09-16,NO
EV-0490,38509815,NV3A9HPV,authors,"Standifird, Colin H | Kaisler, Sean | Triplett, Hunter | Lauria, Michael J | Fisher, Andrew D | Harrell, Andrew J 4th | White, Chelsea C 4th","Standifird, Colin H | Kaisler, Sean | Triplett, Hunter | Lauria, Michael J | Fisher, Andrew D | Harrell, Andrew J | White, Chelsea C",RESOLVED_CURRENT_PUBMED_AUTHORSHIP,"Preservar valor anterior e usar a autoria PubMed atual no fluxo derivado, incluindo autoria coletiva/diacríticos.",https://pubmed.ncbi.nlm.nih.gov/38509815/,2026-09-16,NO
EV-0582,37463381,Y5NL5334,authors,"Prontenko, Kostiantyn V | Okhrimenko, Ivan capital EM, Cyrillic | Yevdokimova, Olena O | Mannapova, Kateryna R | Filonenko, Volodymyr M | Tverdokhvalova, Iuliia L | Bondarenko, Liliia O","Prontenko, Kostiantyn V | Okhrimenko, Ivan М | Yevdokimova, Olena O | Mannapova, Kateryna R | Filonenko, Volodymyr M | Tverdokhvalova, Iuliia L | Bondarenko, Liliia O",RESOLVED_CURRENT_PUBMED_AUTHORSHIP,"Preservar valor anterior e usar a autoria PubMed atual no fluxo derivado, incluindo autoria coletiva/diacríticos.",https://pubmed.ncbi.nlm.nih.gov/37463381/,2026-09-16,NO
EV-0605,37036887,NXHINVC8,authors,"Singichetti, Bhavna | Marshall, Stephen W | Breedlove, Katherine M | Cameron, Kenneth L | McCrea, Michael A | McAllister, Thomas W | Broglio, Steven P","Singichetti, Bhavna | Marshall, Stephen W | Breedlove, Katherine M | Cameron, Kenneth L | McCrea, Michael A | McAllister, Thomas W | Broglio, Steven P | CARE Consortium Investigators",RESOLVED_CURRENT_PUBMED_AUTHORSHIP,"Preservar valor anterior e usar a autoria PubMed atual no fluxo derivado, incluindo autoria coletiva/diacríticos.",https://pubmed.ncbi.nlm.nih.gov/37036887/,2026-09-16,NO
EV-0610,36958117,VFVZ5F7P,authors,"Hodson, Patricia | Swiger, Pauline A | Campbell, Caitlin Marley | Orina, Judy Ann | Javed, Mariyam | Hamilton, Wendy | Williams, Kathy | Foots, Lozay 3rd | Levenson, Jonathan | Robins, Katherine | Pierce, Taylor | McCarthy, Mary | Patrician, Patricia A","Hodson, Patricia | Swiger, Pauline A | Campbell, Caitlin Marley | Orina, Judy Ann | Javed, Mariyam | Hamilton, Wendy | Williams, Kathy | Foots, Lozay | Levenson, Jonathan | Robins, Katherine | Pierce, Taylor | McCarthy, Mary | Patrician, Patricia A",RESOLVED_CURRENT_PUBMED_AUTHORSHIP,"Preservar valor anterior e usar a autoria PubMed atual no fluxo derivado, incluindo autoria coletiva/diacríticos.",https://pubmed.ncbi.nlm.nih.gov/36958117/,2026-09-16,NO
EV-0628,36764722,VD56CH47,authors,"de Rooij, Doret | Janse, Jacobine | Raab, Jorg | Timen, Aura","de Rooij, Doret | Janse, Jacobine | Raab, Jörg | Timen, Aura | EU Healthy Gateways Joint Action consortium",RESOLVED_CURRENT_PUBMED_AUTHORSHIP,"Preservar valor anterior e usar a autoria PubMed atual no fluxo derivado, incluindo autoria coletiva/diacríticos.",https://pubmed.ncbi.nlm.nih.gov/36764722/,2026-09-16,NO
EV-0691,35639888,79ECG3M5,authors,"Butler, Frank K Jr | Burkholder, Todd | Chernenko, Michael | Chimiak, James | Chung, James | Cubano, Miguel | Gurney, Jennifer M | Hall, Andrew B | Holcomb, John B | Kotora, Joseph | Lenart, Mark | Long, Ann | Papalski, Wayne | Rich, Thomas A | Tripp, Mike | Shackelford, Stacy A | Tadlock, Matt D | Timby, Jeffrey W | Drew, Brendon","Butler, Frank K | Burkholder, Todd | Chernenko, Michael | Chimiak, James | Chung, James | Cubano, Miguel | Gurney, Jennifer M | Hall, Andrew B | Holcomb, John B | Kotora, Joseph | Lenart, Mark | Long, Ann | Papalski, Wayne | Rich, Thomas A | Tripp, Mike | Shackelford, Stacy A | Tadlock, Matt D | Timby, Jeffrey W | Drew, Brendon",RESOLVED_CURRENT_PUBMED_AUTHORSHIP,"Preservar valor anterior e usar a autoria PubMed atual no fluxo derivado, incluindo autoria coletiva/diacríticos.",https://pubmed.ncbi.nlm.nih.gov/35639888/,2026-09-16,NO
EV-0711,35278327,NLZ9P3XT,authors,"Park, Gloria H | Knust, Susannah K | Haselhuhn, Seth | Whalen, Samuel J | Deuster, Patricia A | Greene, Carroll H 3rd | Dretsch, Michael N | Bonvie, Joseph L | Lippy, Robert D | Lunasco, Travis K | Myatt, Craig A","Park, Gloria H | Knust, Susannah K | Haselhuhn, Seth | Whalen, Samuel J | Deuster, Patricia A | Greene, Carroll H | Dretsch, Michael N | Bonvie, Joseph L | Lippy, Robert D | Lunasco, Travis K | Myatt, Craig A",RESOLVED_CURRENT_PUBMED_AUTHORSHIP,"Preservar valor anterior e usar a autoria PubMed atual no fluxo derivado, incluindo autoria coletiva/diacríticos.",https://pubmed.ncbi.nlm.nih.gov/35278327/,2026-09-16,NO
EV-0727,35076700,H7XKJIDC,authors,"Hawk, Kathryn | McCormack, Ryan | Edelman, E Jennifer | Coupet, Edouard Jr | Toledo, Nicolle | Gauthier, Phoebe | Rotrosen, John | Chawarski, Marek | Martel, Shara | Owens, Patricia | Pantalon, Michael V | O'Connor, Patrick | Whiteside, Lauren K | Cowan, Ethan | Richardson, Lynne D | Lyons, Michael S | Rothman, Richard | Marsch, Lisa | Fiellin, David A | D'Onofrio, Gail","Hawk, Kathryn | McCormack, Ryan | Edelman, E Jennifer | Coupet, Edouard | Toledo, Nicolle | Gauthier, Phoebe | Rotrosen, John | Chawarski, Marek | Martel, Shara | Owens, Patricia | Pantalon, Michael V | O'Connor, Patrick | Whiteside, Lauren K | Cowan, Ethan | Richardson, Lynne D | Lyons, Michael S | Rothman, Richard | Marsch, Lisa | Fiellin, David A | D'Onofrio, Gail",RESOLVED_CURRENT_PUBMED_AUTHORSHIP,"Preservar valor anterior e usar a autoria PubMed atual no fluxo derivado, incluindo autoria coletiva/diacríticos.",https://pubmed.ncbi.nlm.nih.gov/35076700/,2026-09-16,NO
EV-0736,34969144,9XKFAGGC,authors,"Riesberg, Jamie C | Gurney, Jennifer M | Morgan, Meg | Northern, D Marc | Onifer, Dana J | Gephart, William J | Remley, Michael A | Eickhoff, Erin | Miller, Carl | Eastridge, Brian J | Montgomery, Harold R | Butler, Frank K Jr | Drew, Brendon","Riesberg, Jamie C | Gurney, Jennifer M | Morgan, Meg | Northern, D Marc | Onifer, Dana J | Gephart, William J | Remley, Michael A | Eickhoff, Erin | Miller, Carl | Eastridge, Brian J | Montgomery, Harold R | Butler, Frank K | Drew, Brendon",RESOLVED_CURRENT_PUBMED_AUTHORSHIP,"Preservar valor anterior e usar a autoria PubMed atual no fluxo derivado, incluindo autoria coletiva/diacríticos.",https://pubmed.ncbi.nlm.nih.gov/34969144/,2026-09-16,NO
EV-0737,34969143,V6WGI5ZG,authors,"Deaton, Travis G | Auten, Jonathan D | Betzold, Richard | Butler, Frank K Jr | Byrne, Terence | Cap, Andrew P | Donham, Benjamin | DuBose, Joseph J | Fisher, Andrew D | Hancock, James | Jourdain, Victor | Knight, Ryan M | Littlejohn, Lanny F | Martin, Matthew J | Toland, Kevin | Drew, Brendon","Deaton, Travis G | Auten, Jonathan D | Betzold, Richard | Butler, Frank K | Byrne, Terence | Cap, Andrew P | Donham, Benjamin | DuBose, Joseph J | Fisher, Andrew D | Hancock, James | Jourdain, Victor | Knight, Ryan M | Littlejohn, Lanny F | Martin, Matthew J | Toland, Kevin | Drew, Brendon",RESOLVED_CURRENT_PUBMED_AUTHORSHIP,"Preservar valor anterior e usar a autoria PubMed atual no fluxo derivado, incluindo autoria coletiva/diacríticos.",https://pubmed.ncbi.nlm.nih.gov/34969143/,2026-09-16,NO
EV-0744,34895347,TB5PX4YA,authors,"Borge, Randi Hovden | Skar, Ane-Marthe Solheim | Endsjo, Mathilde | Egeland, Karina M","Borge, Randi Hovden | Skar, Ane-Marthe Solheim | Endsjø, Mathilde | Egeland, Karina M",RESOLVED_CURRENT_PUBMED_AUTHORSHIP,"Preservar valor anterior e usar a autoria PubMed atual no fluxo derivado, incluindo autoria coletiva/diacríticos.",https://pubmed.ncbi.nlm.nih.gov/34895347/,2026-09-16,NO
EV-0764,34471570,EZID9QIA,authors,"Miller, David W | Roseen, Eric J | Stone, Jennifer A M | Gardiner, Paula | Olson, Juli | Rosen, Shellie | Wayne, Peter | Davis, Robert | Coeytaux, Remy","Miller, David W | Roseen, Eric J | Stone, Jennifer A M | Gardiner, Paula | Olson, Juli | Rosen, Shellie | Wayne, Peter | Davis, Robert | Coeytaux, Remy | PCORI-SAR Stakeholder Group",RESOLVED_CURRENT_PUBMED_AUTHORSHIP,"Preservar valor anterior e usar a autoria PubMed atual no fluxo derivado, incluindo autoria coletiva/diacríticos.",https://pubmed.ncbi.nlm.nih.gov/34471570/,2026-09-16,NO
EV-0795,33829468,367Y4W9A,authors,"de Oliveira, Iris M | Vila, M feminine Helena | Burgos-Martos, Francisco J | Cancela, Jose M","de Oliveira, Iris M | Vila, Mª Helena | Burgos-Martos, Francisco J | Cancela, José M",RESOLVED_CURRENT_PUBMED_AUTHORSHIP,"Preservar valor anterior e usar a autoria PubMed atual no fluxo derivado, incluindo autoria coletiva/diacríticos.",https://pubmed.ncbi.nlm.nih.gov/33829468/,2026-09-16,NO
EV-0801,33721322,DXF4HRZ8,authors,"Butler, Frank K Jr","Butler, Frank K",RESOLVED_CURRENT_PUBMED_AUTHORSHIP,"Preservar valor anterior e usar a autoria PubMed atual no fluxo derivado, incluindo autoria coletiva/diacríticos.",https://pubmed.ncbi.nlm.nih.gov/33721322/,2026-09-16,NO
EV-0856,32969001,S5VA2EYT,authors,"Bennett, Brad L | Giesbrect, Gordon | Zafren, Ken | Christensen, Ryan | Littlejohn, Lanny F | Drew, Brendon | Cap, Andrew P | Miles, Ethan A | Butler, Frank K Jr | Holcomb, John B | Shackelford, Stacy A","Bennett, Brad L | Giesbrect, Gordon | Zafren, Ken | Christensen, Ryan | Littlejohn, Lanny F | Drew, Brendon | Cap, Andrew P | Miles, Ethan A | Butler, Frank K | Holcomb, John B | Shackelford, Stacy A",RESOLVED_CURRENT_PUBMED_AUTHORSHIP,"Preservar valor anterior e usar a autoria PubMed atual no fluxo derivado, incluindo autoria coletiva/diacríticos.",https://pubmed.ncbi.nlm.nih.gov/32969001/,2026-09-16,NO
EV-0858,32956724,86HGY3TE,authors,"Rao, Prashant | Friedman, Eli | Chung, Eugene H | Levine, Benjamin D | Isaacs, S Marshal","Rao, Prashant | American College of Cardiology Sports and Exercise Cardiology Leadership Council | Friedman, Eli | Chung, Eugene H | Levine, Benjamin D | Isaacs, S Marshal",RESOLVED_CURRENT_PUBMED_AUTHORSHIP,"Preservar valor anterior e usar a autoria PubMed atual no fluxo derivado, incluindo autoria coletiva/diacríticos.",https://pubmed.ncbi.nlm.nih.gov/32956724/,2026-09-16,NO
EV-0875,32573747,PPERWGAK,authors,"Martinson, James | Park, Habeeba | Butler, Frank K Jr | Hammesfahr, Rick | DuBose, Joseph J | Scalea, Thomas M","Martinson, James | Park, Habeeba | Butler, Frank K | Hammesfahr, Rick | DuBose, Joseph J | Scalea, Thomas M",RESOLVED_CURRENT_PUBMED_AUTHORSHIP,"Preservar valor anterior e usar a autoria PubMed atual no fluxo derivado, incluindo autoria coletiva/diacríticos.",https://pubmed.ncbi.nlm.nih.gov/32573747/,2026-09-16,NO
EV-0876,32573744,J29MEFVL,authors,"Greydanus, Dominique J | Hassmann, Lyndsey L | Butler, Frank K Jr","Greydanus, Dominique J | Hassmann, Lyndsey L | Butler, Frank K",RESOLVED_CURRENT_PUBMED_AUTHORSHIP,"Preservar valor anterior e usar a autoria PubMed atual no fluxo derivado, incluindo autoria coletiva/diacríticos.",https://pubmed.ncbi.nlm.nih.gov/32573744/,2026-09-16,NO
EV-0885,32330670,X2UUKUML,authors,"Rosen, Craig S | Davis, C Adrian | Riggs, David | Cook, Jeffery | Peterson, Alan L | Young-McCaughan, Stacey | Comtois, Katherine Anne | Haddock, Christopher K | Borah, Elisa V | Dondanville, Katherine A | Finley, Erin P | Jahnke, Sara A | Poston, Walker S C | Wiltsey-Stirman, Shannon | Neitzer, Andrea | Broussard, Capt Rachel | Brzuchalski, Maj Amy | Clayton, Maj Spencer P | Conforte, Lt Allison M | Flores, Araceli | Hein, Jessica | Keith, Capt Felicia | Jinkerson, Capt Jeremy | Letendre, Margaret | Nofziger, Debra | Pollick, Kirsten | Santiago, Capt Kyra | Waggoner, Lt Col John | Woodworth, Craig | McLean, Carmen P","Rosen, Craig S | Davis, C Adrian | Riggs, David | Cook, Jeffery | Peterson, Alan L | Young-McCaughan, Stacey | Comtois, Katherine Anne | Haddock, Christopher K | Borah, Elisa V | Dondanville, Katherine A | Finley, Erin P | Jahnke, Sara A | Poston, Walker S C | Wiltsey-Stirman, Shannon | Neitzer, Andrea | Broussard, Capt Rachel | Brzuchalski, Maj Amy | Clayton, Maj Spencer P | Conforte, Lt Allison M | Flores, Araceli | Hein, Jessica | Keith, Capt Felicia | Jinkerson, Capt Jeremy | Letendre, Margaret | Nofziger, Debra | Pollick, Kirsten | Santiago, Capt Kyra | Waggoner, Lt Col John | Woodworth, Craig | McLean, Carmen P | TACTICS Research Group",RESOLVED_CURRENT_PUBMED_AUTHORSHIP,"Preservar valor anterior e usar a autoria PubMed atual no fluxo derivado, incluindo autoria coletiva/diacríticos.",https://pubmed.ncbi.nlm.nih.gov/32330670/,2026-09-16,NO
EV-0896,32191195,FISZESIY,authors,"Bobko, Joshua P | Badin, Dylan J | Danishgar, Leila | Bayhan, Kate | Thompson, Kevin J | Harris, William J | Baldridge, R Todd | Fortuna, Gerald R Jr","Bobko, Joshua P | Badin, Dylan J | Danishgar, Leila | Bayhan, Kate | Thompson, Kevin J | Harris, William J | Baldridge, R Todd | Fortuna, Gerald R",RESOLVED_CURRENT_PUBMED_AUTHORSHIP,"Preservar valor anterior e usar a autoria PubMed atual no fluxo derivado, incluindo autoria coletiva/diacríticos.",https://pubmed.ncbi.nlm.nih.gov/32191195/,2026-09-16,NO
EV-0915,31910470,I5GS6HPD,authors,"Montgomery, Harold R | Hammesfahr, Rick | Fisher, Andrew D | Cain, Jeffrey S | Greydanus, Dominique J | Butler, Frank K Jr | Goolsby, Craig | Eastman, Alexander L","Montgomery, Harold R | Hammesfahr, Rick | Fisher, Andrew D | Cain, Jeffrey S | Greydanus, Dominique J | Butler, Frank K | Goolsby, Craig | Eastman, Alexander L",RESOLVED_CURRENT_PUBMED_AUTHORSHIP,"Preservar valor anterior e usar a autoria PubMed atual no fluxo derivado, incluindo autoria coletiva/diacríticos.",https://pubmed.ncbi.nlm.nih.gov/31910470/,2026-09-16,NO
EV-0933,31539432,HZCUWHEQ,authors,"Onifer, Dana J | McKee, Jessica Lynn | Faudree, Lindsey Kyle | Bennett, Brad L | Miles, Ethan A | Jacobsen, Toran | Morey, John Kip | Butler, Frank K Jr","Onifer, Dana J | McKee, Jessica Lynn | Faudree, Lindsey Kyle | Bennett, Brad L | Miles, Ethan A | Jacobsen, Toran | Morey, John Kip | Butler, Frank K",RESOLVED_CURRENT_PUBMED_AUTHORSHIP,"Preservar valor anterior e usar a autoria PubMed atual no fluxo derivado, incluindo autoria coletiva/diacríticos.",https://pubmed.ncbi.nlm.nih.gov/31539432/,2026-09-16,NO
EV-0954,31201768,HS4NTALW,authors,"Kerr, Win | Hubbard, Ben | Anderson, Bryan | Montgomery, Harold R | Glassberg, Elon | King, David R | Hardin, R David Jr | Knight, Ryan M | Cunningham, Cord W","Kerr, Win | Hubbard, Ben | Anderson, Bryan | Montgomery, Harold R | Glassberg, Elon | King, David R | Hardin, R David | Knight, Ryan M | Cunningham, Cord W",RESOLVED_CURRENT_PUBMED_AUTHORSHIP,"Preservar valor anterior e usar a autoria PubMed atual no fluxo derivado, incluindo autoria coletiva/diacríticos.",https://pubmed.ncbi.nlm.nih.gov/31201768/,2026-09-16,NO
EV-0987,30789582,8DTMBQWT,authors,"Barringer, Nicholas D | McKinnon, Craig J | O'Brien, Nicholas C | Kardouni, Joseph R","Barringer, Nicholas D | McKinnon, Craig J | OʼBrien, Nicholas C | Kardouni, Joseph R",RESOLVED_CURRENT_PUBMED_AUTHORSHIP,"Preservar valor anterior e usar a autoria PubMed atual no fluxo derivado, incluindo autoria coletiva/diacríticos.",https://pubmed.ncbi.nlm.nih.gov/30789582/,2026-09-16,NO
EV-0993,30566723,CAITUN36,authors,"Butler, Frank K Jr | Holcomb, John B | Shackelford, Stacy A | Barbabella, Sean | Bailey, Jeffrey A | Baker, Jay B | Cap, Andrew P | Conklin, Curtis C | Cunningham, Cord W | Davis, Michael S | DeLellis, Stephen M | Dorlac, Warren C | DuBose, Joseph J | Eastridge, Brian J | Fisher, Andrew D | Glasser, Jacob J | Gurney, Jennifer M | Jenkins, Donald A | Johannigman, Jay | King, David R | Kotwal, Russ S | Littlejohn, Lanny F | Mabry, Robert L | Martin, Matthew J | Miles, Ethan A | Montgomery, Harold R | Northern, D Marc | O'Connor, Kevin C | Rasmussen, Todd E | Riesberg, Jamie C | Spinella, Philip C | Stockinger, Zsolt | Strandenes, Geir | Via, Darin K | Weber, Michael A","Butler, Frank K | Holcomb, John B | Shackelford, Stacy A | Barbabella, Sean | Bailey, Jeffrey A | Baker, Jay B | Cap, Andrew P | Conklin, Curtis C | Cunningham, Cord W | Davis, Michael S | DeLellis, Stephen M | Dorlac, Warren C | DuBose, Joseph J | Eastridge, Brian J | Fisher, Andrew D | Glasser, Jacob J | Gurney, Jennifer M | Jenkins, Donald A | Johannigman, Jay | King, David R | Kotwal, Russ S | Littlejohn, Lanny F | Mabry, Robert L | Martin, Matthew J | Miles, Ethan A | Montgomery, Harold R | Northern, D Marc | O'Connor, Kevin C | Rasmussen, Todd E | Riesberg, Jamie C | Spinella, Philip C | Stockinger, Zsolt | Strandenes, Geir | Via, Darin K | Weber, Michael A",RESOLVED_CURRENT_PUBMED_AUTHORSHIP,"Preservar valor anterior e usar a autoria PubMed atual no fluxo derivado, incluindo autoria coletiva/diacríticos.",https://pubmed.ncbi.nlm.nih.gov/30566723/,2026-09-16,NO
EV-1019,29889952,FWWRLBNN,authors,"Butler, Frank K Jr | Holcomb, John B | Shackelford, Stacy A | Montgomery, Harold R | Anderson, Shawn | Cain, Jeffrey S | Champion, Howard R | Cunningham, Cord W | Dorlac, Warren C | Drew, Brendon | Edwards, Kurt | Gandy, John V | Glassberg, Elon | Gurney, Jennifer M | Harcke, Theodore | Jenkins, Donald A | Johannigman, Jay | Kheirabadi, Bijan S | Kotwal, Russ S | Littlejohn, Lanny F | Martin, Matthew J | Mazuchowski, Edward L | Otten, Edward J | Polk, Travis | Rhee, Peter | Seery, Jason M | Stockinger, Zsolt | Torrisi, Jeremy | Yitzak, Avi | Zafren, Ken | Zietlow, Scott P","Butler, Frank K | Holcomb, John B | Shackelford, Stacy A | Montgomery, Harold R | Anderson, Shawn | Cain, Jeffrey S | Champion, Howard R | Cunningham, Cord W | Dorlac, Warren C | Drew, Brendon | Edwards, Kurt | Gandy, John V | Glassberg, Elon | Gurney, Jennifer M | Harcke, Theodore | Jenkins, Donald A | Johannigman, Jay | Kheirabadi, Bijan S | Kotwal, Russ S | Littlejohn, Lanny F | Martin, Matthew J | Mazuchowski, Edward L | Otten, Edward J | Polk, Travis | Rhee, Peter | Seery, Jason M | Stockinger, Zsolt | Torrisi, Jeremy | Yitzak, Avi | Zafren, Ken | Zietlow, Scott P",RESOLVED_CURRENT_PUBMED_AUTHORSHIP,"Preservar valor anterior e usar a autoria PubMed atual no fluxo derivado, incluindo autoria coletiva/diacríticos.",https://pubmed.ncbi.nlm.nih.gov/29889952/,2026-09-16,NO
EV-1029,29547968,42ZIUBJ4,authors,"Peng, Henry T | Tenn, Catherine | Vartanian, Oshin | Rhind, Shawn G | Jarmasz, Jerzy | Tien, Homer | Beckett, Andrew","Peng, Henry T | Tenn, Catherine | Vartanian, Oshin | Rhind, Shawn G | Jarmasz, Jerzy | Tien, Homer | Beckett, Andrew | LT-SIM study group",RESOLVED_CURRENT_PUBMED_AUTHORSHIP,"Preservar valor anterior e usar a autoria PubMed atual no fluxo derivado, incluindo autoria coletiva/diacríticos.",https://pubmed.ncbi.nlm.nih.gov/29547968/,2026-09-16,NO
EV-1041,29267184,P7AR9W7D,authors,"Galvagno, Samuel M Jr | Mabry, Robert L | Maddry, Joseph | Kharod, Chetan U | Walrath, Benjamin D | Powell, Elizabeth | Shackelford, Stacy","Galvagno, Samuel M | Mabry, Robert L | Maddry, Joseph | Kharod, Chetan U | Walrath, Benjamin D | Powell, Elizabeth | Shackelford, Stacy",RESOLVED_CURRENT_PUBMED_AUTHORSHIP,"Preservar valor anterior e usar a autoria PubMed atual no fluxo derivado, incluindo autoria coletiva/diacríticos.",https://pubmed.ncbi.nlm.nih.gov/29267184/,2026-09-16,NO
EV-1044,29256190,UVM8WFRG,authors,"Otten, Edward J | Montgomery, Harold R | Butler, Frank K Jr","Otten, Edward J | Montgomery, Harold R | Butler, Frank K",RESOLVED_CURRENT_PUBMED_AUTHORSHIP,"Preservar valor anterior e usar a autoria PubMed atual no fluxo derivado, incluindo autoria coletiva/diacríticos.",https://pubmed.ncbi.nlm.nih.gov/29256190/,2026-09-16,NO
EV-1079,28759539,M8IEHSWT,authors,"Castagna, Carlo | Lorenzo, Francini | Krustrup, Peter | Fernandes-da-Silva, Juliano | Povoas, Susana C A | Bernardini, Andrea | D'Ottavio, Stefano","Castagna, Carlo | Lorenzo, Francini | Krustrup, Peter | Fernandes-da-Silva, Juliano | Póvoas, Susana C A | Bernardini, Andrea | DʼOttavio, Stefano",RESOLVED_CURRENT_PUBMED_AUTHORSHIP,"Preservar valor anterior e usar a autoria PubMed atual no fluxo derivado, incluindo autoria coletiva/diacríticos.",https://pubmed.ncbi.nlm.nih.gov/28759539/,2026-09-16,NO
EV-1084,28599052,5LHVHYEE,authors,"Butler, Frank K Jr","Butler, Frank K",RESOLVED_CURRENT_PUBMED_AUTHORSHIP,"Preservar valor anterior e usar a autoria PubMed atual no fluxo derivado, incluindo autoria coletiva/diacríticos.",https://pubmed.ncbi.nlm.nih.gov/28599052/,2026-09-16,NO
EV-1094,28390649,S8DXGGH4,authors,"Kirkpatrick, Andrew W | McKee, Jessica Lynn | Tien, Colonel Homer | LaPorta, Anthony J | Lavell, Kit | Leslie, Tim | McBeth, Paul B | Roberts, Derek J | Ball, Chad G","Kirkpatrick, Andrew W | McKee, Jessica Lynn | Tien, Colonel Homer | LaPorta, Anthony J | Lavell, Kit | Leslie, Tim | McBeth, Paul B | Roberts, Derek J | Ball, Chad G | Damage Control Surgery in Austere Environments Research Group (DCSAERG)",RESOLVED_CURRENT_PUBMED_AUTHORSHIP,"Preservar valor anterior e usar a autoria PubMed atual no fluxo derivado, incluindo autoria coletiva/diacríticos.",https://pubmed.ncbi.nlm.nih.gov/28390649/,2026-09-16,NO
EV-1097,28318990,J25YMNF5,authors,"Kotwal, Russ S | Butler, Frank K Jr","Kotwal, Russ S | Butler, Frank K",RESOLVED_CURRENT_PUBMED_AUTHORSHIP,"Preservar valor anterior e usar a autoria PubMed atual no fluxo derivado, incluindo autoria coletiva/diacríticos.",https://pubmed.ncbi.nlm.nih.gov/28318990/,2026-09-16,NO
EV-1102,28284483,AEXISH7T,authors,"Butler, Frank K Jr","Butler, Frank K",RESOLVED_CURRENT_PUBMED_AUTHORSHIP,"Preservar valor anterior e usar a autoria PubMed atual no fluxo derivado, incluindo autoria coletiva/diacríticos.",https://pubmed.ncbi.nlm.nih.gov/28284483/,2026-09-16,NO
EV-1180,25771513,GHTHHLYD,authors,"Kluj, Przemyslaw | Aleksandrowicz, Dawid | Machala, Waldemar | Gaszynski, Tomasz","Kluj, Przemysław | Aleksandrowicz, Dawid | Machała, Waldemar | Gaszyński, Tomasz",RESOLVED_CURRENT_PUBMED_AUTHORSHIP,"Preservar valor anterior e usar a autoria PubMed atual no fluxo derivado, incluindo autoria coletiva/diacríticos.",https://pubmed.ncbi.nlm.nih.gov/25771513/,2026-09-16,NO
EV-1186,25610940,MHH2736Y,journal,CADTH Rapid Response Reports,CADTH Rapid Response Reports,RESOLVED_PARSER_REPRESENTATION,O parser atual preserva o campo PubMed correspondente; conflito anterior era de representação.,https://pubmed.ncbi.nlm.nih.gov/25610940/,2026-09-16,NO
EV-1196,25344707,SUK7F2ED,authors,"Bennett, Brad L | Littlejohn, Lanny F | Kheirabadi, Bijan S | Butler, Frank K Jr | Kotwal, Russ S | Dubick, Michael A | Bailey, Hugh H","Bennett, Brad L | Littlejohn, Lanny F | Kheirabadi, Bijan S | Butler, Frank K | Kotwal, Russ S | Dubick, Michael A | Bailey, Hugh H",RESOLVED_CURRENT_PUBMED_AUTHORSHIP,"Preservar valor anterior e usar a autoria PubMed atual no fluxo derivado, incluindo autoria coletiva/diacríticos.",https://pubmed.ncbi.nlm.nih.gov/25344707/,2026-09-16,NO
EV-1200,25121201,MJ6LTKKU,authors,Institute of Medicine (US) Committee on Military Nursing Research,Institute of Medicine (US) Committee on Military Nursing Research,RESOLVED_PARSER_REPRESENTATION,O parser atual preserva o campo PubMed correspondente; conflito anterior era de representação.,https://pubmed.ncbi.nlm.nih.gov/25121201/,2026-09-16,NO
EV-1206,24996853,URXUP96V,authors,"Cody, John P | Kang, Daniel G | Tracey, Robert W | Wagner, Scott C | Rosner, Michael K | Lehman, Ronald A Jr","Cody, John P | Kang, Daniel G | Tracey, Robert W | Wagner, Scott C | Rosner, Michael K | Lehman, Ronald A",RESOLVED_CURRENT_PUBMED_AUTHORSHIP,"Preservar valor anterior e usar a autoria PubMed atual no fluxo derivado, incluindo autoria coletiva/diacríticos.",https://pubmed.ncbi.nlm.nih.gov/24996853/,2026-09-16,NO
EV-1211,24851287,VEEU78I3,authors,Planning Committee on Workforce Resiliency Programs | Board on Health Sciences Policy | Institute of Medicine,Planning Committee on Workforce Resiliency Programs | Board on Health Sciences Policy | Institute of Medicine,RESOLVED_PARSER_REPRESENTATION,O parser atual preserva o campo PubMed correspondente; conflito anterior era de representação.,https://pubmed.ncbi.nlm.nih.gov/24851287/,2026-09-16,NO
EV-1223,24460509,IVQHJYDI,authors,"Yun, Brian J | Brown, Calvin A 3rd | Grazioso, Christopher J | Pozner, Charles N | Raja, Ali S","Yun, Brian J | Brown, Calvin A | Grazioso, Christopher J | Pozner, Charles N | Raja, Ali S",RESOLVED_CURRENT_PUBMED_AUTHORSHIP,"Preservar valor anterior e usar a autoria PubMed atual no fluxo derivado, incluindo autoria coletiva/diacríticos.",https://pubmed.ncbi.nlm.nih.gov/24460509/,2026-09-16,NO
EV-1231,24227566,6IHRH399,authors,"Kotwal, Russ S | Butler, Frank K Jr | Gross, Kirby | Kheirabadi, Bijan S | Billings, Smiley | Dubick, Michael A | Rasmussen, Todd E | Weber, Michael A | Bailey, Jeffrey A","Kotwal, Russ S | Butler, Frank K | Gross, Kirby | Kheirabadi, Bijan S | Billings, Smiley | Dubick, Michael A | Rasmussen, Todd E | Weber, Michael A | Bailey, Jeffrey A",RESOLVED_CURRENT_PUBMED_AUTHORSHIP,"Preservar valor anterior e usar a autoria PubMed atual no fluxo derivado, incluindo autoria coletiva/diacríticos.",https://pubmed.ncbi.nlm.nih.gov/24227566/,2026-09-16,NO
EV-1248,23877773,2JQY3SVC,authors,"Kotwal, Russ S | Butler, Frank K Jr | Montgomery, Harold R | Brunstetter, Tyson | Diaz, George Y | Kirkpatrick, James W | Summers, Nancy L | Shackelford, Stacy A | Holcomb, John B | Bailey, Jeffrey A","Kotwal, Russ S | Butler, Frank K | Montgomery, Harold R | Brunstetter, Tyson | Diaz, George Y | Kirkpatrick, James W | Summers, Nancy L | Shackelford, Stacy A | Holcomb, John B | Bailey, Jeffrey A",RESOLVED_CURRENT_PUBMED_AUTHORSHIP,"Preservar valor anterior e usar a autoria PubMed atual no fluxo derivado, incluindo autoria coletiva/diacríticos.",https://pubmed.ncbi.nlm.nih.gov/23877773/,2026-09-16,NO
EV-1250,23820356,VTUVC372,authors,"Kragh, John F Jr | Burrows, Steve | Wasner, Christine | Ritter, Brandi A | Mazuchowski, Edward L | Brunstetter, Tyson | Johnston, Keary J | Diaz, George Y | Hodge, Douglas | Harcke, H Theodore Jr","Kragh, John F | Burrows, Steve | Wasner, Christine | Ritter, Brandi A | Mazuchowski, Edward L | Brunstetter, Tyson | Johnston, Keary J | Diaz, George Y | Hodge, Douglas | Harcke, H Theodore",RESOLVED_CURRENT_PUBMED_AUTHORSHIP,"Preservar valor anterior e usar a autoria PubMed atual no fluxo derivado, incluindo autoria coletiva/diacríticos.",https://pubmed.ncbi.nlm.nih.gov/23820356/,2026-09-16,NO
EV-1251,23817878,5B43JGV5,authors,"Strain, Jonathan E 2nd","Strain, Jonathan E",RESOLVED_CURRENT_PUBMED_AUTHORSHIP,"Preservar valor anterior e usar a autoria PubMed atual no fluxo derivado, incluindo autoria coletiva/diacríticos.",https://pubmed.ncbi.nlm.nih.gov/23817878/,2026-09-16,NO
EV-1258,23427965,4QT9V7GD,authors,"Satterly, Steven | Nelson, Daniel | Zwintscher, Nathan | Oguntoye, Morohunranti | Causey, Wayne | Theis, Bryan | Huang, Raywin | Haque, Mohamad | Martin, Matthew | Bickett, Gerald | Rush, Robert M Jr","Satterly, Steven | Nelson, Daniel | Zwintscher, Nathan | Oguntoye, Morohunranti | Causey, Wayne | Theis, Bryan | Huang, Raywin | Haque, Mohamad | Martin, Matthew | Bickett, Gerald | Rush, Robert M",RESOLVED_CURRENT_PUBMED_AUTHORSHIP,"Preservar valor anterior e usar a autoria PubMed atual no fluxo derivado, incluindo autoria coletiva/diacríticos.",https://pubmed.ncbi.nlm.nih.gov/23427965/,2026-09-16,NO
EV-1265,23198505,QSQA5QMK,authors,"Gregg, Marion A 2nd | Jankosky, Christopher J","Gregg, Marion A | Jankosky, Christopher J",RESOLVED_CURRENT_PUBMED_AUTHORSHIP,"Preservar valor anterior e usar a autoria PubMed atual no fluxo derivado, incluindo autoria coletiva/diacríticos.",https://pubmed.ncbi.nlm.nih.gov/23198505/,2026-09-16,NO
EV-1298,21844425,2CIIQJ7L,authors,"Kotwal, Russ S | Montgomery, Harold R | Kotwal, Bari M | Champion, Howard R | Butler, Frank K Jr | Mabry, Robert L | Cain, Jeffrey S | Blackbourne, Lorne H | Mechler, Kathy K | Holcomb, John B","Kotwal, Russ S | Montgomery, Harold R | Kotwal, Bari M | Champion, Howard R | Butler, Frank K | Mabry, Robert L | Cain, Jeffrey S | Blackbourne, Lorne H | Mechler, Kathy K | Holcomb, John B",RESOLVED_CURRENT_PUBMED_AUTHORSHIP,"Preservar valor anterior e usar a autoria PubMed atual no fluxo derivado, incluindo autoria coletiva/diacríticos.",https://pubmed.ncbi.nlm.nih.gov/21844425/,2026-09-16,NO
EV-1306,21483422,6EJU3S5V,authors,"Stomfai, S | Ahrens, W | Bammann, K | Kovacs, E | Marild, S | Michels, N | Moreno, L A | Pohlabeln, H | Siani, A | Tornaritis, M | Veidebaum, T | Molnar, D","Stomfai, S | Ahrens, W | Bammann, K | Kovács, E | Mårild, S | Michels, N | Moreno, L A | Pohlabeln, H | Siani, A | Tornaritis, M | Veidebaum, T | Molnár, D | IDEFICS Consortium",RESOLVED_CURRENT_PUBMED_AUTHORSHIP,"Preservar valor anterior e usar a autoria PubMed atual no fluxo derivado, incluindo autoria coletiva/diacríticos.",https://pubmed.ncbi.nlm.nih.gov/21483422/,2026-09-16,NO
EV-1310,21284095,N7ZZCQJ7,authors,"Olin, J Tod | Burns, Kim | Carson, Johnny L | Metjian, Hilda | Atkinson, Jeffrey J | Davis, Stephanie D | Dell, Sharon D | Ferkol, Thomas W | Milla, Carlos E | Olivier, Kenneth N | Rosenfeld, Margaret | Baker, Brock | Leigh, Margaret W | Knowles, Michael R | Sagel, Scott D","Olin, J Tod | Burns, Kim | Carson, Johnny L | Metjian, Hilda | Atkinson, Jeffrey J | Davis, Stephanie D | Dell, Sharon D | Ferkol, Thomas W | Milla, Carlos E | Olivier, Kenneth N | Rosenfeld, Margaret | Baker, Brock | Leigh, Margaret W | Knowles, Michael R | Sagel, Scott D | Genetic Disorders of Mucociliary Clearance Consortium",RESOLVED_CURRENT_PUBMED_AUTHORSHIP,"Preservar valor anterior e usar a autoria PubMed atual no fluxo derivado, incluindo autoria coletiva/diacríticos.",https://pubmed.ncbi.nlm.nih.gov/21284095/,2026-09-16,NO
EV-1314,20858134,7PX4JZBH,authors,"Schwartz, Richard Bruce | McManus, John G Jr | Croushorn, John | Piazza, Gina | Coule, Phillip L | Gibbons, Mark | Bollard, Glenn | Ledrick, David | Vecchio, Paul | Lerner, E Brooke","Schwartz, Richard Bruce | McManus, John G | Croushorn, John | Piazza, Gina | Coule, Phillip L | Gibbons, Mark | Bollard, Glenn | Ledrick, David | Vecchio, Paul | Lerner, E Brooke",RESOLVED_CURRENT_PUBMED_AUTHORSHIP,"Preservar valor anterior e usar a autoria PubMed atual no fluxo derivado, incluindo autoria coletiva/diacríticos.",https://pubmed.ncbi.nlm.nih.gov/20858134/,2026-09-16,NO
EV-1320,20389198,YPG68DJ9,authors,"Bourdeaux, Margaret Ellis | Lawry, Lynn | Bonventre, Eugene V | Burkle, Frederick M Jr","Bourdeaux, Margaret Ellis | Lawry, Lynn | Bonventre, Eugene V | Burkle, Frederick M",RESOLVED_CURRENT_PUBMED_AUTHORSHIP,"Preservar valor anterior e usar a autoria PubMed atual no fluxo derivado, incluindo autoria coletiva/diacríticos.",https://pubmed.ncbi.nlm.nih.gov/20389198/,2026-09-16,NO
EV-1350,18154234,LMW7Q2XQ,authors,"Butler, Frank K Jr | Holcomb, John B | Giebner, Stephen D | McSwain, Norman E | Bagian, James","Butler, Frank K | Holcomb, John B | Giebner, Stephen D | McSwain, Norman E | Bagian, James",RESOLVED_CURRENT_PUBMED_AUTHORSHIP,"Preservar valor anterior e usar a autoria PubMed atual no fluxo derivado, incluindo autoria coletiva/diacríticos.",https://pubmed.ncbi.nlm.nih.gov/18154234/,2026-09-16,NO
EV-1354,17901393,9WQESI5C,authors,"Acker, Joe E 3rd | Pancioli, Arthur M | Crocco, Todd J | Eckstein, Marc K | Jauch, Edward C | Larrabee, Hollynn | Meltzer, Neil M | Mergendahl, William C | Munn, John W | Prentiss, Susanne M | Sand, Charles | Saver, Jeffrey L | Eigel, Brian | Gilpin, Brian R | Schoeberl, Mark | Solis, Penelope | Bailey, JoAnne R | Horton, Katie B | Stranne, Steven K","Acker, Joe E | Pancioli, Arthur M | Crocco, Todd J | Eckstein, Marc K | Jauch, Edward C | Larrabee, Hollynn | Meltzer, Neil M | Mergendahl, William C | Munn, John W | Prentiss, Susanne M | Sand, Charles | Saver, Jeffrey L | Eigel, Brian | Gilpin, Brian R | Schoeberl, Mark | Solis, Penelope | Bailey, JoAnne R | Horton, Katie B | Stranne, Steven K | American Heart Association | American Stroke Association Expert Panel on Emergency Medical Services Systems, Stroke Council",RESOLVED_CURRENT_PUBMED_AUTHORSHIP,"Preservar valor anterior e usar a autoria PubMed atual no fluxo derivado, incluindo autoria coletiva/diacríticos.",https://pubmed.ncbi.nlm.nih.gov/17901393/,2026-09-16,NO
EV-1359,17517914,Q2ZR64E2,authors,"Dean, Dennis A 2nd | Fletcher, Adam | Hursh, Steven R | Klerman, Elizabeth B","Dean, Dennis A | Fletcher, Adam | Hursh, Steven R | Klerman, Elizabeth B",RESOLVED_CURRENT_PUBMED_AUTHORSHIP,"Preservar valor anterior e usar a autoria PubMed atual no fluxo derivado, incluindo autoria coletiva/diacríticos.",https://pubmed.ncbi.nlm.nih.gov/17517914/,2026-09-16,NO
EV-1362,17196987,STKDTFFW,authors,"Sohn, Vance Y | Miller, Joseph P | Koeller, Craig A | Gibson, Steven O | Azarow, Kenneth S | Myers, Jerome B | Beekley, Alec C | Sebesta, James A | Christensen, Jon B | Rush, Robert M Jr","Sohn, Vance Y | Miller, Joseph P | Koeller, Craig A | Gibson, Steven O | Azarow, Kenneth S | Myers, Jerome B | Beekley, Alec C | Sebesta, James A | Christensen, Jon B | Rush, Robert M",RESOLVED_CURRENT_PUBMED_AUTHORSHIP,"Preservar valor anterior e usar a autoria PubMed atual no fluxo derivado, incluindo autoria coletiva/diacríticos.",https://pubmed.ncbi.nlm.nih.gov/17196987/,2026-09-16,NO
EV-1390,12502180,NVKQQA94,authors,"Potter, Robert N | Gardner, John W | Deuster, Patricia A | Jenkins, Pamela | McKee, Kelly Jr | Jones, Bruce H","Potter, Robert N | Gardner, John W | Deuster, Patricia A | Jenkins, Pamela | McKee, Kelly | Jones, Bruce H",RESOLVED_CURRENT_PUBMED_AUTHORSHIP,"Preservar valor anterior e usar a autoria PubMed atual no fluxo derivado, incluindo autoria coletiva/diacríticos.",https://pubmed.ncbi.nlm.nih.gov/12502180/,2026-09-16,NO
EV-1399,11469036,J6KFKHXS,authors,"Butler, F K Jr","Butler, F K",RESOLVED_CURRENT_PUBMED_AUTHORSHIP,"Preservar valor anterior e usar a autoria PubMed atual no fluxo derivado, incluindo autoria coletiva/diacríticos.",https://pubmed.ncbi.nlm.nih.gov/11469036/,2026-09-16,NO
EV-1420,9430530,HE9NEMFT,authors,"Beecham, H J 3rd | Lebron, C I | Echeverria, P","Beecham, H J | Lebron, C I | Echeverria, P",RESOLVED_CURRENT_PUBMED_AUTHORSHIP,"Preservar valor anterior e usar a autoria PubMed atual no fluxo derivado, incluindo autoria coletiva/diacríticos.",https://pubmed.ncbi.nlm.nih.gov/9430530/,2026-09-16,NO
EV-1430,8355968,B4R33TV5,authors,"Lattimore, M R Jr | Cornum, R L","Lattimore, M R | Cornum, R L",RESOLVED_CURRENT_PUBMED_AUTHORSHIP,"Preservar valor anterior e usar a autoria PubMed atual no fluxo derivado, incluindo autoria coletiva/diacríticos.",https://pubmed.ncbi.nlm.nih.gov/8355968/,2026-09-16,NO
EV-1451,1790036,9MMZLCBD,authors,"Linenger, J M | Chesson, C V 2nd | Nice, D S","Linenger, J M | Chesson, C V | Nice, D S",RESOLVED_CURRENT_PUBMED_AUTHORSHIP,"Preservar valor anterior e usar a autoria PubMed atual no fluxo derivado, incluindo autoria coletiva/diacríticos.",https://pubmed.ncbi.nlm.nih.gov/1790036/,2026-09-16,NO
